[
    {
        "ID":1,
        "Nome":"Ana",
        "Idade":25,
        "Sal\u00e1rio":3000,
        "Cidade":"S\u00e3o Paulo"
    },
    {
        "ID":2,
        "Nome":"Jo\u00e3o",
        "Idade":30,
        "Sal\u00e1rio":4000,
        "Cidade":"Rio de Janeiro"
    },
    {
        "ID":3,
        "Nome":"Maria",
        "Idade":22,
        "Sal\u00e1rio":3200,
        "Cidade":"Belo Horizonte"
    },
    {
        "ID":4,
        "Nome":"Carlos",
        "Idade":28,
        "Sal\u00e1rio":3500,
        "Cidade":"Curitiba"
    },
    {
        "ID":5,
        "Nome":"Fernanda",
        "Idade":33,
        "Sal\u00e1rio":4500,
        "Cidade":"Porto Alegre"
    }
]